server_ip,User_id,Access_page,Date_Time,URL
http://127.0.0.1:8000/,,/,2021-05-25 10:25:21,http://127.0.0.1:8000/
http://127.0.0.1:8000/,,/,2021-05-25 10:25:22,http://127.0.0.1:8000/
http://127.0.0.1:8000/,YaramadaAkshara,/welcome,2021-05-25 10:25:54,http://127.0.0.1:8000/welcome
http://127.0.0.1:8000/,YaramadaAkshara,/welcome,2021-05-25 10:25:59,http://127.0.0.1:8000/welcome
http://127.0.0.1:8000/,YaramadaAkshara,/view_project/Cinema,2021-05-25 10:25:59,http://127.0.0.1:8000/view_project/Cinema
http://127.0.0.1:8000/,YaramadaAkshara,/view_project/Cinema/Jahnvi,2021-05-25 10:26:03,http://127.0.0.1:8000/view_project/Cinema/Jahnvi
http://127.0.0.1:8000/,YaramadaAkshara,/welcome,2021-05-25 10:27:41,http://127.0.0.1:8000/welcome
http://127.0.0.1:8000/,YaramadaAkshara,/welcome,2021-05-25 10:27:44,http://127.0.0.1:8000/welcome
http://127.0.0.1:8000/,YaramadaAkshara,/view_project/Education,2021-05-25 10:27:44,http://127.0.0.1:8000/view_project/Education
http://127.0.0.1:8000/,YaramadaAkshara,/view_project/Education/Education_5,2021-05-25 10:27:46,http://127.0.0.1:8000/view_project/Education/Education_5
http://127.0.0.1:8000/,,/,2021-05-25 22:11:24,http://127.0.0.1:8000/
http://127.0.0.1:8000/,YaramadaAkshara,/welcome,2021-05-25 22:11:49,http://127.0.0.1:8000/welcome
http://127.0.0.1:8000/,YaramadaAkshara,/welcome,2021-05-25 22:11:54,http://127.0.0.1:8000/welcome
http://127.0.0.1:8000/,YaramadaAkshara,/view_project/Art,2021-05-25 22:11:54,http://127.0.0.1:8000/view_project/Art
http://127.0.0.1:8000/,YaramadaAkshara,/view_project/Art/Acrylic_Lanscape_1,2021-05-25 22:11:56,http://127.0.0.1:8000/view_project/Art/Acrylic_Lanscape_1
http://127.0.0.1:8000/,YaramadaAkshara,/view_project/Art/Ocean_1,2021-05-25 22:12:11,http://127.0.0.1:8000/view_project/Art/Ocean_1
http://127.0.0.1:8000/,YaramadaAkshara,/view_project/Art/Ocean_1,2021-05-25 22:12:15,http://127.0.0.1:8000/view_project/Art/Ocean_1
http://127.0.0.1:8000/,YaramadaAkshara,/view_project/Art,2021-05-25 22:13:48,http://127.0.0.1:8000/view_project/Art
http://127.0.0.1:8000/,YaramadaAkshara,/view_project/Art/Acrylic_Woman,2021-05-25 22:13:51,http://127.0.0.1:8000/view_project/Art/Acrylic_Woman
http://127.0.0.1:8000/,YaramadaAkshara,/view_project/Art/Acrylic_Lanscape_1,2021-05-25 22:13:56,http://127.0.0.1:8000/view_project/Art/Acrylic_Lanscape_1
http://127.0.0.1:8000/,YaramadaAkshara,/view_project/Art/Acrylic_Lanscape_1,2021-05-25 22:21:12,http://127.0.0.1:8000/view_project/Art/Acrylic_Lanscape_1
http://127.0.0.1:8000/,YaramadaAkshara,/,2021-05-25 22:21:39,http://127.0.0.1:8000/
http://127.0.0.1:8000/,YaramadaAkshara,/welcome,2021-05-25 22:21:46,http://127.0.0.1:8000/welcome
http://127.0.0.1:8000/,YaramadaAkshara,/welcome,2021-05-25 22:21:52,http://127.0.0.1:8000/welcome
http://127.0.0.1:8000/,YaramadaAkshara,/view_project/Art,2021-05-25 22:21:52,http://127.0.0.1:8000/view_project/Art
http://127.0.0.1:8000/,YaramadaAkshara,/view_project/Art/Acrylic_Landscape_1,2021-05-25 22:21:55,http://127.0.0.1:8000/view_project/Art/Acrylic_Landscape_1
http://127.0.0.1:8000/,YaramadaAkshara,/view_project/Art/Abstract_1,2021-05-25 22:21:59,http://127.0.0.1:8000/view_project/Art/Abstract_1
http://127.0.0.1:8000/,YaramadaAkshara,/view_project/Art/Watercolour_Landscape_1,2021-05-25 22:22:02,http://127.0.0.1:8000/view_project/Art/Watercolour_Landscape_1
http://127.0.0.1:8000/,YaramadaAkshara,/view_project/Art/Watercolour_Landscape_2,2021-05-25 22:22:05,http://127.0.0.1:8000/view_project/Art/Watercolour_Landscape_2
http://127.0.0.1:8000/,YaramadaAkshara,/view_project/Art/Acrylic_Landscape_2,2021-05-25 22:22:09,http://127.0.0.1:8000/view_project/Art/Acrylic_Landscape_2
http://127.0.0.1:8000/,YaramadaAkshara,/view_project/Art/Watercolour_Landscape_Blue,2021-05-25 22:22:14,http://127.0.0.1:8000/view_project/Art/Watercolour_Landscape_Blue
http://127.0.0.1:8000/,YaramadaAkshara,/welcome,2021-05-26 09:47:32,http://127.0.0.1:8000/welcome
http://127.0.0.1:8000/,YaramadaAkshara,/welcome,2021-05-26 09:47:42,http://127.0.0.1:8000/welcome
http://127.0.0.1:8000/,YaramadaAkshara,/view_project/Covid_Resources,2021-05-26 09:47:42,http://127.0.0.1:8000/view_project/Covid_Resources
http://127.0.0.1:8000/,YaramadaAkshara,/view_project/Covid_Resources/Treatment,2021-05-26 09:47:46,http://127.0.0.1:8000/view_project/Covid_Resources/Treatment
http://127.0.0.1:8000/,YaramadaAkshara,/view_project/Covid_Resources/Covid_Resources,2021-05-26 09:47:50,http://127.0.0.1:8000/view_project/Covid_Resources/Covid_Resources
http://127.0.0.1:8000/,YaramadaAkshara,/view_project/Covid_Resources/Safety_Measures,2021-05-26 09:47:53,http://127.0.0.1:8000/view_project/Covid_Resources/Safety_Measures
http://127.0.0.1:8000/,YaramadaAkshara,/welcome,2021-05-26 09:47:57,http://127.0.0.1:8000/welcome
http://127.0.0.1:8000/,YaramadaAkshara,/welcome,2021-05-26 09:48:01,http://127.0.0.1:8000/welcome
http://127.0.0.1:8000/,YaramadaAkshara,/view_project/Sports,2021-05-26 09:48:01,http://127.0.0.1:8000/view_project/Sports
http://127.0.0.1:8000/,YaramadaAkshara,/view_project/Sports/Sports_3,2021-05-26 09:48:02,http://127.0.0.1:8000/view_project/Sports/Sports_3
http://127.0.0.1:8000/,YaramadaAkshara,/view_project/Mental_Health,2021-05-26 09:57:36,http://127.0.0.1:8000/view_project/Mental_Health
http://127.0.0.1:8000/,YaramadaAkshara,/welcome,2021-05-27 15:46:13,http://127.0.0.1:8000/welcome
http://127.0.0.1:8000/,YaramadaAkshara,/welcome,2021-05-27 15:46:24,http://127.0.0.1:8000/welcome
http://127.0.0.1:8000/,YaramadaAkshara,/view_project/News,2021-05-27 15:46:24,http://127.0.0.1:8000/view_project/News
http://127.0.0.1:8000/,YaramadaAkshara,/view_project/News/News_1,2021-05-27 15:46:26,http://127.0.0.1:8000/view_project/News/News_1
http://127.0.0.1:8000/,YaramadaAkshara,/welcome,2021-05-27 15:47:16,http://127.0.0.1:8000/welcome
http://127.0.0.1:8000/,YaramadaAkshara,/welcome,2021-05-27 15:47:20,http://127.0.0.1:8000/welcome
http://127.0.0.1:8000/,YaramadaAkshara,/view_project/News,2021-05-27 15:47:20,http://127.0.0.1:8000/view_project/News
http://127.0.0.1:8000/,YaramadaAkshara,/view_project/News/News_1,2021-05-27 15:47:21,http://127.0.0.1:8000/view_project/News/News_1
http://127.0.0.1:8000/,YaramadaAkshara,/welcome,2021-05-27 15:49:35,http://127.0.0.1:8000/welcome
http://127.0.0.1:8000/,YaramadaAkshara,/welcome,2021-05-27 15:49:36,http://127.0.0.1:8000/welcome
http://127.0.0.1:8000/,YaramadaAkshara,/view_project/News,2021-05-27 15:49:36,http://127.0.0.1:8000/view_project/News
http://127.0.0.1:8000/,YaramadaAkshara,/view_project/News/News_1,2021-05-27 15:49:37,http://127.0.0.1:8000/view_project/News/News_1
http://127.0.0.1:8000/,YaramadaAkshara,/welcome,2021-05-27 15:54:05,http://127.0.0.1:8000/welcome
http://127.0.0.1:8000/,YaramadaAkshara,/welcome,2021-05-27 15:54:09,http://127.0.0.1:8000/welcome
http://127.0.0.1:8000/,YaramadaAkshara,/view_project/News,2021-05-27 15:54:09,http://127.0.0.1:8000/view_project/News
http://127.0.0.1:8000/,YaramadaAkshara,/view_project/News/News_1,2021-05-27 15:54:11,http://127.0.0.1:8000/view_project/News/News_1
http://127.0.0.1:8000/,YaramadaAkshara,/welcome,2021-05-27 16:07:48,http://127.0.0.1:8000/welcome
http://127.0.0.1:8000/,YaramadaAkshara,/welcome,2021-05-27 16:07:53,http://127.0.0.1:8000/welcome
http://127.0.0.1:8000/,YaramadaAkshara,/view_project/Cinema,2021-05-27 16:07:53,http://127.0.0.1:8000/view_project/Cinema
http://127.0.0.1:8000/,YaramadaAkshara,/view_project/Cinema/Aishwarya_Rai,2021-05-27 16:07:54,http://127.0.0.1:8000/view_project/Cinema/Aishwarya_Rai
http://127.0.0.1:8000/,YaramadaAkshara,/view_project/Cinema/Aishwarya_Rai,2021-05-27 16:08:01,http://127.0.0.1:8000/view_project/Cinema/Aishwarya_Rai
http://127.0.0.1:8000/,YaramadaAkshara,/view_project/Cinema/Madhuri_Dixit,2021-05-27 16:08:03,http://127.0.0.1:8000/view_project/Cinema/Madhuri_Dixit
http://127.0.0.1:8000/,YaramadaAkshara,/view_project/Cinema/Rani_Mukerjee,2021-05-27 16:08:10,http://127.0.0.1:8000/view_project/Cinema/Rani_Mukerjee
http://127.0.0.1:8000/,YaramadaAkshara,/view_project/Cinema/Jahnvi,2021-05-27 16:08:19,http://127.0.0.1:8000/view_project/Cinema/Jahnvi
http://127.0.0.1:8000/,YaramadaAkshara,/view_project/Cinema/Alia_Bhatt,2021-05-27 16:08:23,http://127.0.0.1:8000/view_project/Cinema/Alia_Bhatt
http://127.0.0.1:8000/,YaramadaAkshara,/view_project/Cinema/Aishwarya_Rai,2021-05-27 16:08:28,http://127.0.0.1:8000/view_project/Cinema/Aishwarya_Rai
http://127.0.0.1:8000/,YaramadaAkshara,/view_project/Cinema/Tara,2021-05-27 16:08:31,http://127.0.0.1:8000/view_project/Cinema/Tara
http://127.0.0.1:8000/,YaramadaAkshara,/view_project/Cinema/Ananya,2021-05-27 16:08:39,http://127.0.0.1:8000/view_project/Cinema/Ananya
http://127.0.0.1:8000/,YaramadaAkshara,/view_project/Cinema/Sara,2021-05-27 16:08:44,http://127.0.0.1:8000/view_project/Cinema/Sara
http://127.0.0.1:8000/,YaramadaAkshara,/view_project/Cinema/Deepika_Saree,2021-05-27 16:08:52,http://127.0.0.1:8000/view_project/Cinema/Deepika_Saree
http://127.0.0.1:8000/,YaramadaAkshara,/view_project/Cinema/Saif,2021-05-27 16:08:58,http://127.0.0.1:8000/view_project/Cinema/Saif
http://127.0.0.1:8000/,YaramadaAkshara,/view_project/Cinema/Virat_Anushka,2021-05-27 16:09:18,http://127.0.0.1:8000/view_project/Cinema/Virat_Anushka
http://127.0.0.1:8000/,YaramadaAkshara,/view_project/Cinema/Pooja,2021-05-27 16:09:22,http://127.0.0.1:8000/view_project/Cinema/Pooja
http://127.0.0.1:8000/,YaramadaAkshara,/view_project/Cinema/Deepika_Saree,2021-05-27 16:09:28,http://127.0.0.1:8000/view_project/Cinema/Deepika_Saree
http://127.0.0.1:8000/,,/,2021-05-27 16:51:05,http://127.0.0.1:8000/
http://127.0.0.1:8000/,YaramadaAkshara,/welcome,2021-05-27 16:51:29,http://127.0.0.1:8000/welcome
http://127.0.0.1:8000/,YaramadaAkshara,/welcome,2021-05-27 16:51:33,http://127.0.0.1:8000/welcome
http://127.0.0.1:8000/,YaramadaAkshara,/view_project/Mental_Health,2021-05-27 16:51:33,http://127.0.0.1:8000/view_project/Mental_Health
http://127.0.0.1:8000/,YaramadaAkshara,/view_project/Mental_Health/WorldMenthaHealth,2021-05-27 16:51:34,http://127.0.0.1:8000/view_project/Mental_Health/WorldMenthaHealth
http://127.0.0.1:8000/,YaramadaAkshara,/view_project/Mental_Health/WorldMenthaHealth,2021-05-27 16:51:39,http://127.0.0.1:8000/view_project/Mental_Health/WorldMenthaHealth
http://127.0.0.1:8000/,YaramadaAkshara,/view_project/Mental_Health/WorldMenthaHealth,2021-05-27 16:51:39,http://127.0.0.1:8000/view_project/Mental_Health/WorldMenthaHealth
http://127.0.0.1:8000/,YaramadaAkshara,/view_project/Mental_Health/WorldMenthaHealth,2021-05-27 16:51:40,http://127.0.0.1:8000/view_project/Mental_Health/WorldMenthaHealth
http://127.0.0.1:8000/,YaramadaAkshara,/view_project/Mental_Health/WorldMenthaHealth,2021-05-27 16:51:41,http://127.0.0.1:8000/view_project/Mental_Health/WorldMenthaHealth
http://127.0.0.1:8000/,YaramadaAkshara,/view_project/Mental_Health/WorldMenthaHealth,2021-05-27 16:51:42,http://127.0.0.1:8000/view_project/Mental_Health/WorldMenthaHealth
http://127.0.0.1:8000/,YaramadaAkshara,/view_project/login,2021-05-27 16:52:02,http://127.0.0.1:8000/view_project/login
http://127.0.0.1:8000/,YaramadaAkshara,/welcome,2021-05-27 16:52:18,http://127.0.0.1:8000/welcome
http://127.0.0.1:8000/,YaramadaAkshara,/welcome,2021-05-27 16:52:23,http://127.0.0.1:8000/welcome
http://127.0.0.1:8000/,YaramadaAkshara,/view_project/Mental_Health,2021-05-27 16:52:23,http://127.0.0.1:8000/view_project/Mental_Health
http://127.0.0.1:8000/,YaramadaAkshara,/view_project/Mental_Health/WorldMenthaHealth,2021-05-27 16:52:24,http://127.0.0.1:8000/view_project/Mental_Health/WorldMenthaHealth
http://127.0.0.1:8000/,YaramadaAkshara,/view_project/Mental_Health/Myths,2021-05-27 19:45:37,http://127.0.0.1:8000/view_project/Mental_Health/Myths
http://127.0.0.1:8000/,YaramadaAkshara,/welcome,2021-05-27 20:57:10,http://127.0.0.1:8000/welcome
http://127.0.0.1:8000/,YaramadaAkshara,/welcome,2021-05-27 20:57:20,http://127.0.0.1:8000/welcome
http://127.0.0.1:8000/,YaramadaAkshara,/welcome,2021-05-27 20:57:26,http://127.0.0.1:8000/welcome
http://127.0.0.1:8000/,YaramadaAkshara,/view_project/Art,2021-05-27 20:57:26,http://127.0.0.1:8000/view_project/Art
http://127.0.0.1:8000/,YaramadaAkshara,/view_project/Art/Ocean,2021-05-27 20:57:28,http://127.0.0.1:8000/view_project/Art/Ocean
http://127.0.0.1:8000/,YaramadaAkshara,/view_project/Art/Daisy_2,2021-05-27 20:57:32,http://127.0.0.1:8000/view_project/Art/Daisy_2
http://127.0.0.1:8000/,YaramadaAkshara,/view_project/Art/Ocean_1,2021-05-27 20:58:58,http://127.0.0.1:8000/view_project/Art/Ocean_1
http://127.0.0.1:8000/,YaramadaAkshara,/view_project/Art/Ocean_1,2021-05-27 21:43:22,http://127.0.0.1:8000/view_project/Art/Ocean_1
http://127.0.0.1:8000/,YaramadaAkshara,/view_project/Art/Ocean_1,2021-05-27 21:43:27,http://127.0.0.1:8000/view_project/Art/Ocean_1
http://127.0.0.1:8000/,YaramadaAkshara,/view_project/Art/Ocean_1,2021-05-27 21:43:31,http://127.0.0.1:8000/view_project/Art/Ocean_1
http://127.0.0.1:8000/,YaramadaAkshara,/view_project/Art/Ocean_1,2021-05-27 21:43:33,http://127.0.0.1:8000/view_project/Art/Ocean_1
http://127.0.0.1:8000/,YaramadaAkshara,/view_project/Art/Watercolour_Landscape,2021-05-27 21:43:37,http://127.0.0.1:8000/view_project/Art/Watercolour_Landscape
http://127.0.0.1:8000/,YaramadaAkshara,/welcome,2021-05-27 21:52:28,http://127.0.0.1:8000/welcome
http://127.0.0.1:8000/,,/,2021-05-29 08:47:40,http://127.0.0.1:8000/
http://127.0.0.1:8000/,YaramadaAkshara,/welcome,2021-05-29 09:06:13,http://127.0.0.1:8000/welcome
http://127.0.0.1:8000/,user,/welcome,2021-05-29 09:45:49,http://127.0.0.1:8000/welcome
http://127.0.0.1:8000/,user,/welcome,2021-05-29 09:46:44,http://127.0.0.1:8000/welcome
http://127.0.0.1:8000/,user,/welcome,2021-05-29 09:46:48,http://127.0.0.1:8000/welcome
http://127.0.0.1:8000/,user,/view_project/Cinema,2021-05-29 09:46:48,http://127.0.0.1:8000/view_project/Cinema
http://127.0.0.1:8000/,user,/view_project/Cinema/Saif,2021-05-29 09:46:50,http://127.0.0.1:8000/view_project/Cinema/Saif
http://127.0.0.1:8000/,user,/view_project/Cinema/Saif,2021-05-29 09:46:52,http://127.0.0.1:8000/view_project/Cinema/Saif
http://127.0.0.1:8000/,user,/view_project/Cinema/Madhuri_Dixit,2021-05-29 09:46:56,http://127.0.0.1:8000/view_project/Cinema/Madhuri_Dixit
http://127.0.0.1:8000/,user,/view_project/Cinema/Aishwarya_Rai,2021-05-29 09:46:59,http://127.0.0.1:8000/view_project/Cinema/Aishwarya_Rai
http://127.0.0.1:8000/,user,/welcome,2021-05-29 09:47:03,http://127.0.0.1:8000/welcome
http://127.0.0.1:8000/,user,/welcome,2021-05-29 09:54:01,http://127.0.0.1:8000/welcome
http://127.0.0.1:8000/,user,/welcome,2021-05-29 09:54:06,http://127.0.0.1:8000/welcome
http://127.0.0.1:8000/,user,/view_project/Covid_Resources,2021-05-29 09:54:06,http://127.0.0.1:8000/view_project/Covid_Resources
http://127.0.0.1:8000/,user,/view_project/Covid_Resources,2021-05-29 09:54:49,http://127.0.0.1:8000/view_project/Covid_Resources
http://127.0.0.1:8000/,user,/view_project/Covid_Resources,2021-05-29 10:04:25,http://127.0.0.1:8000/view_project/Covid_Resources
http://127.0.0.1:8000/,user,/view_project/Covid_Resources,2021-05-29 10:05:28,http://127.0.0.1:8000/view_project/Covid_Resources
http://127.0.0.1:8000/,user,/view_project/Covid_Resources,2021-05-29 10:06:16,http://127.0.0.1:8000/view_project/Covid_Resources
http://127.0.0.1:8000/,user,/view_project/Covid_Resources,2021-05-29 10:08:13,http://127.0.0.1:8000/view_project/Covid_Resources
http://127.0.0.1:8000/,user,/view_project/Covid_Resources,2021-05-29 10:23:25,http://127.0.0.1:8000/view_project/Covid_Resources
http://127.0.0.1:8000/,user,/view_project/Covid_Resources/SafetyInstructions,2021-05-29 10:23:30,http://127.0.0.1:8000/view_project/Covid_Resources/SafetyInstructions
http://127.0.0.1:8000/,user,/view_project/Covid_Resources,2021-05-29 10:24:25,http://127.0.0.1:8000/view_project/Covid_Resources
http://127.0.0.1:8000/,user,/view_project/Covid_Resources,2021-05-29 10:29:01,http://127.0.0.1:8000/view_project/Covid_Resources
http://127.0.0.1:8000/,user,/view_project/Covid_Resources,2021-05-29 10:30:05,http://127.0.0.1:8000/view_project/Covid_Resources
http://127.0.0.1:8000/,user,/view_project/Covid_Resources,2021-05-29 10:31:54,http://127.0.0.1:8000/view_project/Covid_Resources
http://127.0.0.1:8000/,user,/view_project/Covid_Resources,2021-05-29 10:32:16,http://127.0.0.1:8000/view_project/Covid_Resources
http://127.0.0.1:8000/,user,/view_project/Covid_Resources/CovidVaccine,2021-05-29 10:32:33,http://127.0.0.1:8000/view_project/Covid_Resources/CovidVaccine
http://127.0.0.1:8000/,user,/view_project/Covid_Resources/ImmunityBooster,2021-05-29 10:32:40,http://127.0.0.1:8000/view_project/Covid_Resources/ImmunityBooster
http://127.0.0.1:8000/,user,/view_project/Covid_Resources/ImmunityBooster,2021-05-29 10:32:44,http://127.0.0.1:8000/view_project/Covid_Resources/ImmunityBooster
http://127.0.0.1:8000/,user,/view_project/Covid_Resources/Sanitation,2021-05-29 10:32:48,http://127.0.0.1:8000/view_project/Covid_Resources/Sanitation
http://127.0.0.1:8000/,user,/welcome,2021-05-29 10:33:38,http://127.0.0.1:8000/welcome
http://127.0.0.1:8000/,user,/welcome,2021-05-29 10:33:44,http://127.0.0.1:8000/welcome
http://127.0.0.1:8000/,user,/view_project/Covid_Resources,2021-05-29 10:33:44,http://127.0.0.1:8000/view_project/Covid_Resources
http://127.0.0.1:8000/,user,/view_project/Covid_Resources,2021-05-29 10:35:48,http://127.0.0.1:8000/view_project/Covid_Resources
http://127.0.0.1:8000/,user,/view_project/Covid_Resources,2021-05-29 10:35:56,http://127.0.0.1:8000/view_project/Covid_Resources
http://127.0.0.1:8000/,user,/view_project/Covid_Resources,2021-05-29 10:36:02,http://127.0.0.1:8000/view_project/Covid_Resources
http://127.0.0.1:8000/,user,/view_project/Covid_Resources,2021-05-29 10:48:53,http://127.0.0.1:8000/view_project/Covid_Resources
http://127.0.0.1:8000/,user,/view_project/Covid_Resources,2021-05-29 10:48:56,http://127.0.0.1:8000/view_project/Covid_Resources
http://127.0.0.1:8000/,user,/view_project/Sports,2021-05-29 10:49:02,http://127.0.0.1:8000/view_project/Sports
http://127.0.0.1:8000/,user,/view_project/Sports/Sports_4,2021-05-29 10:49:28,http://127.0.0.1:8000/view_project/Sports/Sports_4
http://127.0.0.1:8000/,user,/view_project/Sports/Sports_4,2021-05-29 10:49:32,http://127.0.0.1:8000/view_project/Sports/Sports_4
http://127.0.0.1:8000/,user,/welcome,2021-05-29 10:51:42,http://127.0.0.1:8000/welcome
http://127.0.0.1:8000/,user,/welcome,2021-05-29 10:51:46,http://127.0.0.1:8000/welcome
http://127.0.0.1:8000/,user,/view_project/Covid_Resources,2021-05-29 10:51:46,http://127.0.0.1:8000/view_project/Covid_Resources
http://127.0.0.1:8000/,user,/view_project/Art,2021-05-29 10:51:54,http://127.0.0.1:8000/view_project/Art
http://127.0.0.1:8000/,user,/view_project/Art/Ocean,2021-05-29 10:51:56,http://127.0.0.1:8000/view_project/Art/Ocean
http://127.0.0.1:8000/,user,/view_project/Art/Acrylic_Trees,2021-05-29 10:52:04,http://127.0.0.1:8000/view_project/Art/Acrylic_Trees
http://127.0.0.1:8000/,user,/view_project/Art/Florals,2021-05-29 10:52:08,http://127.0.0.1:8000/view_project/Art/Florals
http://127.0.0.1:8000/,user,/view_project/Art/Landscape_1,2021-05-29 10:52:13,http://127.0.0.1:8000/view_project/Art/Landscape_1
http://127.0.0.1:8000/,user,/view_project/Art/Landscape_1,2021-05-29 10:52:16,http://127.0.0.1:8000/view_project/Art/Landscape_1
http://127.0.0.1:8000/,user,/view_project/Covid_Resources,2021-05-29 10:56:08,http://127.0.0.1:8000/view_project/Covid_Resources
http://127.0.0.1:8000/,user,/view_project/Covid_Resources,2021-05-29 10:56:11,http://127.0.0.1:8000/view_project/Covid_Resources
http://127.0.0.1:8000/,user,/view_project/Covid_Resources,2021-05-29 10:57:11,http://127.0.0.1:8000/view_project/Covid_Resources
http://127.0.0.1:8000/,user,/view_project/Covid_Resources,2021-05-29 10:59:58,http://127.0.0.1:8000/view_project/Covid_Resources
http://127.0.0.1:8000/,user,/view_project/Covid_Resources,2021-05-29 11:00:57,http://127.0.0.1:8000/view_project/Covid_Resources
http://127.0.0.1:8000/,user,/view_project/Covid_Resources,2021-05-29 11:01:25,http://127.0.0.1:8000/view_project/Covid_Resources
http://127.0.0.1:8000/,user,/view_project/Covid_Resources,2021-05-29 11:04:20,http://127.0.0.1:8000/view_project/Covid_Resources
http://127.0.0.1:8000/,user,/view_project/Covid_Resources,2021-05-29 11:04:52,http://127.0.0.1:8000/view_project/Covid_Resources
http://127.0.0.1:8000/,user,/view_project/Covid_Resources,2021-05-29 11:06:36,http://127.0.0.1:8000/view_project/Covid_Resources
http://127.0.0.1:8000/,user,/view_project/Covid_Resources,2021-05-29 11:07:02,http://127.0.0.1:8000/view_project/Covid_Resources
http://127.0.0.1:8000/,user,/view_project/Covid_Resources,2021-05-29 11:08:02,http://127.0.0.1:8000/view_project/Covid_Resources
http://127.0.0.1:8000/,user,/view_project/Covid_Resources,2021-05-29 11:08:15,http://127.0.0.1:8000/view_project/Covid_Resources
http://127.0.0.1:8000/,user,/view_project/Covid_Resources,2021-05-29 11:08:27,http://127.0.0.1:8000/view_project/Covid_Resources
http://127.0.0.1:8000/,user,/view_project/Covid_Resources,2021-05-29 11:10:31,http://127.0.0.1:8000/view_project/Covid_Resources
http://127.0.0.1:8000/,user,/view_project/Covid_Resources,2021-05-29 11:10:48,http://127.0.0.1:8000/view_project/Covid_Resources
http://127.0.0.1:8000/,user,/view_project/Covid_Resources,2021-05-29 11:11:35,http://127.0.0.1:8000/view_project/Covid_Resources
http://127.0.0.1:8000/,user,/view_project/Covid_Resources,2021-05-29 11:12:18,http://127.0.0.1:8000/view_project/Covid_Resources
http://127.0.0.1:8000/,user,/view_project/Covid_Resources,2021-05-29 11:12:50,http://127.0.0.1:8000/view_project/Covid_Resources
http://127.0.0.1:8000/,user,/view_project/Covid_Resources,2021-05-29 11:13:11,http://127.0.0.1:8000/view_project/Covid_Resources
http://127.0.0.1:8000/,user,/view_project/Covid_Resources,2021-05-29 11:13:56,http://127.0.0.1:8000/view_project/Covid_Resources
http://127.0.0.1:8000/,user,/view_project/Covid_Resources,2021-05-29 11:14:15,http://127.0.0.1:8000/view_project/Covid_Resources
http://127.0.0.1:8000/,user,/welcome,2021-05-29 11:14:40,http://127.0.0.1:8000/welcome
http://127.0.0.1:8000/,user,/welcome,2021-05-29 11:15:24,http://127.0.0.1:8000/welcome
http://127.0.0.1:8000/,user,/view_project/Covid_Resources,2021-05-29 11:15:24,http://127.0.0.1:8000/view_project/Covid_Resources
http://127.0.0.1:8000/,user,/view_project/Covid_Resources,2021-05-29 11:15:27,http://127.0.0.1:8000/view_project/Covid_Resources
http://127.0.0.1:8000/,user,/view_project/Covid_Resources,2021-05-29 11:16:46,http://127.0.0.1:8000/view_project/Covid_Resources
http://127.0.0.1:8000/,user,/view_project/Covid_Resources,2021-05-29 11:18:50,http://127.0.0.1:8000/view_project/Covid_Resources
http://127.0.0.1:8000/,user,/view_project/Covid_Resources,2021-05-29 11:19:45,http://127.0.0.1:8000/view_project/Covid_Resources
http://127.0.0.1:8000/,user,/view_project/Covid_Resources,2021-05-29 11:20:08,http://127.0.0.1:8000/view_project/Covid_Resources
http://127.0.0.1:8000/,user,/view_project/Covid_Resources,2021-05-29 11:20:37,http://127.0.0.1:8000/view_project/Covid_Resources
http://127.0.0.1:8000/,user,/view_project/Covid_Resources,2021-05-29 11:26:11,http://127.0.0.1:8000/view_project/Covid_Resources
http://127.0.0.1:8000/,user,/view_project/Covid_Resources,2021-05-29 11:28:21,http://127.0.0.1:8000/view_project/Covid_Resources
http://127.0.0.1:8000/,user,/view_project/Covid_Resources,2021-05-29 11:28:44,http://127.0.0.1:8000/view_project/Covid_Resources
http://127.0.0.1:8000/,user,/view_project/Covid_Resources,2021-05-29 11:29:05,http://127.0.0.1:8000/view_project/Covid_Resources
http://127.0.0.1:8000/,user,/view_project/Covid_Resources,2021-05-29 11:29:28,http://127.0.0.1:8000/view_project/Covid_Resources
http://127.0.0.1:8000/,user,/view_project/Covid_Resources,2021-05-29 11:29:58,http://127.0.0.1:8000/view_project/Covid_Resources
http://127.0.0.1:8000/,user,/view_project/Covid_Resources,2021-05-29 11:30:20,http://127.0.0.1:8000/view_project/Covid_Resources
http://127.0.0.1:8000/,user,/view_project/Covid_Resources,2021-05-29 11:30:35,http://127.0.0.1:8000/view_project/Covid_Resources
http://127.0.0.1:8000/,user,/welcome,2021-05-29 11:34:16,http://127.0.0.1:8000/welcome
http://127.0.0.1:8000/,user,/,2021-05-29 15:18:35,http://127.0.0.1:8000/
http://127.0.0.1:8000/,YaramadaAkshara,/welcome,2021-05-29 15:20:06,http://127.0.0.1:8000/welcome
http://127.0.0.1:8000/,YaramadaAkshara,/welcome,2021-05-29 15:20:15,http://127.0.0.1:8000/welcome
http://127.0.0.1:8000/,YaramadaAkshara,/view_project/Covid_Resources,2021-05-29 15:20:15,http://127.0.0.1:8000/view_project/Covid_Resources
http://127.0.0.1:8000/,YaramadaAkshara,/view_project/Sports,2021-05-29 15:20:24,http://127.0.0.1:8000/view_project/Sports
http://127.0.0.1:8000/,YaramadaAkshara,/view_project/Covid_Resources,2021-05-29 15:20:27,http://127.0.0.1:8000/view_project/Covid_Resources
http://127.0.0.1:8000/,YaramadaAkshara,/view_project/Technology,2021-05-29 15:20:32,http://127.0.0.1:8000/view_project/Technology
http://127.0.0.1:8000/,YaramadaAkshara,/view_project/Covid_Resources,2021-05-29 15:20:38,http://127.0.0.1:8000/view_project/Covid_Resources
http://127.0.0.1:8000/,YaramadaAkshara,/view_project/Education,2021-05-29 15:21:04,http://127.0.0.1:8000/view_project/Education
http://127.0.0.1:8000/,YaramadaAkshara,/view_project/Covid_Resources,2021-05-29 15:21:16,http://127.0.0.1:8000/view_project/Covid_Resources
http://127.0.0.1:8000/,YaramadaAkshara,/view_project/Covid_Resources/Covid_Resources,2021-05-29 15:21:20,http://127.0.0.1:8000/view_project/Covid_Resources/Covid_Resources
http://127.0.0.1:8000/,YaramadaAkshara,/view_project/Covid_Resources,2021-05-29 15:21:51,http://127.0.0.1:8000/view_project/Covid_Resources
http://127.0.0.1:8000/,YaramadaAkshara,/view_project/Covid_Resources/CovidResources,2021-05-29 15:21:58,http://127.0.0.1:8000/view_project/Covid_Resources/CovidResources
http://127.0.0.1:8000/,YaramadaAkshara,/view_project/Covid_Resources/Covid_Resources,2021-05-29 15:22:08,http://127.0.0.1:8000/view_project/Covid_Resources/Covid_Resources
http://127.0.0.1:8000/,YaramadaAkshara,/view_project/Covid_Resources/CommunityResources,2021-05-29 15:22:15,http://127.0.0.1:8000/view_project/Covid_Resources/CommunityResources
http://127.0.0.1:8000/,YaramadaAkshara,/view_project/Covid_Resources/CovidResources,2021-05-29 15:22:35,http://127.0.0.1:8000/view_project/Covid_Resources/CovidResources
http://127.0.0.1:8000/,YaramadaAkshara,/view_project/News,2021-05-29 15:24:11,http://127.0.0.1:8000/view_project/News
http://127.0.0.1:8000/,YaramadaAkshara,/view_project/Covid_Resources,2021-05-29 15:24:14,http://127.0.0.1:8000/view_project/Covid_Resources
http://127.0.0.1:8000/,YaramadaAkshara,/view_project/Covid_Resources,2021-05-29 15:30:33,http://127.0.0.1:8000/view_project/Covid_Resources
http://127.0.0.1:8000/,YaramadaAkshara,/welcome,2021-05-29 15:31:27,http://127.0.0.1:8000/welcome
